name,sex,age,height,weight,bmi,overWt
Tom,m,77,70,175,25.16239,TRUE
Maya,f,33,64,124,21.50106,FALSE
Joe,m,79,73,185,24.45884,FALSE
Robert,m,47,67,156,24.48414,FALSE
Sue,f,27,61,98,18.51492,FALSE
Liz,f,33,68,190,28.94981,TRUE
Jon,m,67,68,185,28.18797,TRUE
Sally,f,52,65,124,20.67783,FALSE
Tim,m,59,68,175,26.66430,TRUE
Tom,m,27,71,215,30.04911,TRUE
Ann,f,55,67,166,26.05364,TRUE
Dan,m,24,66,140,22.64384,FALSE
Art,m,46,66,150,24.26126,FALSE
Zoe,f,48,62,125,22.91060,FALSE